{
  "ATRL": {
    "mean": 229.99668884277344,
    "std": 151.54400634765625,
    "min": 40.95000076293945,
    "max": 886.760009765625,
    "count": 4361
  },
  "BAFL": {
    "mean": 35.29377365112305,
    "std": 21.35565185546875,
    "min": 7.739999771118164,
    "max": 132.61000061035156,
    "count": 4267
  },
  "BAHL": {
    "mean": 59.89830780029297,
    "std": 33.790679931640625,
    "min": 24.780000686645508,
    "max": 217.1300048828125,
    "count": 4227
  },
  "CHCC": {
    "mean": 98.86974334716797,
    "std": 79.27517700195312,
    "min": 6.550000190734863,
    "max": 372.2099914550781,
    "count": 4194
  },
  "DGKC": {
    "mean": 90.89012908935547,
    "std": 55.88102722167969,
    "min": 13.010000228881836,
    "max": 271.3999938964844,
    "count": 4243
  },
  "EFERT": {
    "mean": 94.69141387939453,
    "std": 48.53398895263672,
    "min": 50.720001220703125,
    "max": 255.0800018310547,
    "count": 2848
  },
  "ENGRO": {
    "mean": 246.7354278564453,
    "std": 79.3756103515625,
    "min": 81.91999816894531,
    "max": 485.3800048828125,
    "count": 4007
  },
  "FABL": {
    "mean": 23.655391693115234,
    "std": 16.820785522460938,
    "min": 8.069999694824219,
    "max": 100.3499984741211,
    "count": 4274
  },
  "FCCL": {
    "mean": 20.14129638671875,
    "std": 13.312119483947754,
    "min": 3.0,
    "max": 61.04999923706055,
    "count": 4412
  },
  "FFC": {
    "mean": 138.5342254638672,
    "std": 92.80248260498047,
    "min": 57.11000061035156,
    "max": 673.1599731445312,
    "count": 4271
  },
  "HBL": {
    "mean": 149.92919921875,
    "std": 57.16677474975586,
    "min": 51.16999816894531,
    "max": 360.3900146484375,
    "count": 4214
  },
  "HUBC": {
    "mean": 80.0094985961914,
    "std": 41.274356842041016,
    "min": 13.380000114440918,
    "max": 244.2100067138672,
    "count": 4250
  },
  "ILP": {
    "mean": 62.467552185058594,
    "std": 12.361721992492676,
    "min": 32.029998779296875,
    "max": 94.69999694824219,
    "count": 1659
  },
  "INIL": {
    "mean": 113.87999725341797,
    "std": 74.41835021972656,
    "min": 0.0,
    "max": 400.4100036621094,
    "count": 4438
  },
  "LUCK": {
    "mean": 438.4686584472656,
    "std": 290.6858825683594,
    "min": 26.5,
    "max": 1751.449951171875,
    "count": 4328
  },
  "MCB": {
    "mean": 214.19410705566406,
    "std": 63.931278228759766,
    "min": 77.76000213623047,
    "max": 480.5,
    "count": 4320
  },
  "MEBL": {
    "mean": 89.5655746459961,
    "std": 91.6071548461914,
    "min": 0.0,
    "max": 500.2099914550781,
    "count": 4292
  },
  "MLCF": {
    "mean": 38.702415466308594,
    "std": 32.9990234375,
    "min": 1.600000023841858,
    "max": 137.63999938964844,
    "count": 4335
  },
  "NBP": {
    "mean": 62.3685302734375,
    "std": 44.68029022216797,
    "min": 18.889999389648438,
    "max": 277.9800109863281,
    "count": 4298
  },
  "OGDC": {
    "mean": 149.48733520507812,
    "std": 55.09381866455078,
    "min": 40.970001220703125,
    "max": 333.8999938964844,
    "count": 4362
  },
  "PAEL": {
    "mean": 32.81235122680664,
    "std": 23.63060760498047,
    "min": 3.319999933242798,
    "max": 123.7300033569336,
    "count": 4458
  },
  "POL": {
    "mean": 413.8521728515625,
    "std": 124.55335998535156,
    "min": 81.52999877929688,
    "max": 739.6300048828125,
    "count": 4301
  },
  "PPL": {
    "mean": 161.19488525390625,
    "std": 52.924522399902344,
    "min": 51.04999923706055,
    "max": 281.5199890136719,
    "count": 4289
  },
  "PRL": {
    "mean": 59.53171157836914,
    "std": 49.93632125854492,
    "min": 9.5,
    "max": 288.5,
    "count": 4414
  },
  "PSO": {
    "mean": 280.27911376953125,
    "std": 99.22442626953125,
    "min": 96.18000030517578,
    "max": 539.7000122070312,
    "count": 4209
  },
  "SEARL": {
    "mean": 178.4994354248047,
    "std": 155.19949340820312,
    "min": 34.540000915527344,
    "max": 739.22998046875,
    "count": 4395
  },
  "SHEL": {
    "mean": 233.27383422851562,
    "std": 112.86412048339844,
    "min": 68.36000061035156,
    "max": 654.4600219726562,
    "count": 4064
  },
  "SYS": {
    "mean": 265.1243896484375,
    "std": 208.47991943359375,
    "min": 42.29999923706055,
    "max": 818.4500122070312,
    "count": 2684
  },
  "TGL": {
    "mean": 71.97234344482422,
    "std": 53.36765670776367,
    "min": 0.0,
    "max": 287.6199951171875,
    "count": 4425
  },
  "UBL": {
    "mean": 150.86343383789062,
    "std": 88.5032958984375,
    "min": 28.549999237060547,
    "max": 552.1099853515625,
    "count": 4249
  }
}